[
    {
        "id": 1388534400000,
        "name": "Betong",
        "unit": "m3"
    },
    {
        "id": 1476044646613,
        "name": "Virke",
        "unit": "m"
    },
    {
        "id": 1476298121426,
        "name": "I-Balk",
        "unit": "st"
    },
    {
        "id": 1476298430372,
        "name": "U-Balk",
        "unit": "st"
    },
    {
        "id": 1476298459328,
        "name": "Mellanbjälklag",
        "unit": "kvm",
        "materialComposition": [
            {
                "material": "1476298121426",
                "amount": "3"
            },
            {
                "material": "1476298430372",
                "amount": "3"
            }
        ]
    },
    {
        "id": 1476300077644,
        "name": "Fackverk",
        "unit": "meter",
        "materialComposition": [
            {
                "material": "1476298121426",
                "amount": "15"
            }
        ]
    },
    {
        "id": 1476440011048,
        "name": "Platta på mark",
        "unit": "st",
        "materialComposition": [
            {
                "material": "1388534400000",
                "amount": "400"
            }
        ]
    },
    {
        "id": 1476440148726,
        "name": "Aremerad betong",
        "unit": "m^3",
        "materialComposition": [
            {
                "material": "1388534400000",
                "amount": "4"
            },
            {
                "material": "1476044646613",
                "amount": "10"
            }
        ]
    },
    {
        "id": 1477240747045,
        "name": "byggnad01",
        "unit": "",
        "materialComposition": [
            {
                "material": "1476440148726",
                "amount": "150",
                "comment": "empty comment",
                "created": "1477240747045"
            }
        ]
    },
    {
        "id": 1477240763667,
        "name": "byggnad01",
        "unit": "",
        "materialComposition": [
            {
                "material": "1388534400000",
                "amount": "20",
                "comment": "empty comment",
                "created": "1477240763667"
            }
        ]
    },
    {
        "id": 1477240772088,
        "name": "byggnad01",
        "unit": "",
        "materialComposition": [
            {
                "material": "1388534400000",
                "amount": "25",
                "comment": "empty comment",
                "created": "1477240772088"
            }
        ]
    },
    {
        "id": 1477247649013,
        "name": "byggnad01",
        "unit": "",
        "materialComposition": [
            {
                "material": "1388534400000",
                "amount": "10",
                "comment": "empty comment",
                "created": "1477247649013"
            }
        ]
    },
    {
        "id": 1477252597654,
        "name": "byggnad01",
        "unit": "",
        "materialComposition": [
            {
                "material": "1476298459328",
                "amount": "100",
                "comment": "empty comment",
                "created": "1482915049084"
            }
        ]
    },
    {
        "id": 1482851516883,
        "name": "Test material med recycle",
        "unit": "m3",
        "materialComposition": [
            {
                "material": "1388534400000",
                "amount": "15",
                "RecycleClassID": "2"
            }
        ]
    },
    {
        "id": 1482915049084,
        "name": "byggnad01",
        "unit": "",
        "materialComposition": [
            {
                "material": "1388534400000",
                "amount": "15",
                "RecycleClassID": "2",
                "comment": "Test med återvunnen bettong",
                "created": "1482915049084"
            }
        ]
    },
    {
        "id": 1482918565332,
        "name": "byggnad01",
        "unit": "",
        "materialComposition": [
            {
                "material": "1476440011048",
                "amount": "50",
                "RecycleClassID": "",
                "comment": "Platta, kommentar, Timestamp",
                "created": "1482918563990"
            }
        ]
    },
    {
        "id": 1483093100380,
        "User_id": "1",
        "name": "byggnad01",
        "unit": "",
        "materialComposition": [
            {
                "material": "1476298430372",
                "amount": "15",
                "RecycleClassID": "2",
                "comment": "borde ej välja mat.typ på u-balk",
                "created": "1483093094948"
            }
        ]
    },
    {
        "id": 1483093993685,
        "User_id": "1",
        "name": "byggnad01",
        "unit": "",
        "materialComposition": [
            {
                "material": "1476300077644",
                "amount": "15",
                "RecycleClassID": "",
                "comment": "testar med fackverk",
                "created": "1483093987587"
            }
        ]
    }
]